section,field,value
General Information,name,Harvey Louis Carignan
General Information,Sex,Male
General Information,Race,White
General Information,Number of victims,Convicted of 3 but possibly many more
General Information,Country where killing occurred,United States
General Information,States where killing occurred,"Washington, North Dakota, Minnesota"
Childhood Information,Date of birth,"May 18,1927"
Childhood Information,Location,"Fargo, North Dakota"
Childhood Information,Birth order,1st of 3
Childhood Information,Number of siblings,2
Childhood Information,XYY?,?
Childhood Information,Raised by,Mother and stepfather parents
Childhood Information,Birth category,Oldest
Childhood Information,Parent’s marital status,Married
Childhood Information,Family event,"Unnurturing, abusive"
Childhood Information,Age of family event,
Childhood Information,Problems in school?,Behavioral problems
Childhood Information,Teased while in school?,Yes
Childhood Information,Physically attractive?,"Undersized, decent"
Childhood Information,Physical defect?,Chorea (involuntary twitching and face pulling)
Childhood Information,Speech defect?,No
Childhood Information,Head injury?,?
Childhood Information,Physically abused?,?
Childhood Information,Psychologically abused?,?
Childhood Information,Sexually abused?,Claims of sexually abuse by his mother and baby setter (sodomy)
Childhood Information,Father’s occupation,?
Childhood Information,Age of first sexual experience,Claims of sexual abuse at age 4
Childhood Information,Age when first had intercourse,Claims of sexual abuse at age 4
Childhood Information,Mother’s occupation,?
Childhood Information,Father abused drugs/alcohol,?
Childhood Information,Mother abused drugs/alcohol,?
Cognitive Ability,Highest grade in school,Completed high school
Cognitive Ability,Highest degree,"Diploma, some college courses in prison"
Cognitive Ability,Grades in school,?
Cognitive Ability,IQ,?
Work History,Served in the military?,Yes
Work History,Branch,Army
Work History,Type of discharge,Due to rape convictions
Work History,Saw combat duty,?
Work History,Killed enemy during service?,?
Work History,Applied for job as a cop?,?
Work History,Worked in law enforcement?,No
Work History,Fired from jobs?,?
Work History,Types of jobs worked,Gas station owner
Work History,Employment status during series,Gas station owner for a period for time
Relationships,Sexual preference,Heterosexual
Relationships,Marital status,"Married twice (divorced, remarried)"
Relationships,Number of children,0
Relationships,Lives with his children,N/A
Relationships,Living with,N/A
Triad,Animal torture,?
Triad,Fire setting,?
Triad,Bed wetting,Yes
Killer Psychological Information,Abused drugs?,?
Killer Psychological Information,Abused alcohol?,?
Killer Psychological Information,Been to a psychologist?,Yes
Killer Psychological Information,Time in forensic hospital?,No
Killer Psychological Information,Diagnosis,Antisocial Personality Disorder
Killer Criminal History,Committed previous crimes?,Yes
Killer Criminal History,Spend time in jail?,Yes
Killer Criminal History,Spend time in prison?,Yes
Killer Criminal History,Killed prior to series? Age?,"Yes, at age 22"
Serial Killing,Number of victims,13 maybe more
Serial Killing,Victim type,Young women
Serial Killing,Killer age at start of series,47
Serial Killing,Gender of victims,Women
Serial Killing,Race of victims,White
Serial Killing,Age of victims,Typically in their twenties but ranged up to 57
Serial Killing,Method of killing,Bludgeoned with a hammer
Serial Killing,Type of serial killer,Visionary
Serial Killing,How close did killer live?,?
Serial Killing,Killing occurred in home of victim?,No
Serial Killing,Killing occurred in home of killer?,No in outdoor setting or in vehicle
Serial Killing,Weapon,Hammer
Serial Killing,Behavior During Crimes,
Serial Killing,Rape?,Yes
Serial Killing,Tortured victims?,No
Serial Killing,Stalked victims?,No
Serial Killing,Overkill?,No
Serial Killing,Quick & efficient?,Yes
Serial Killing,Used blindfold?,Yes
Serial Killing,Bound the victims?,Yes
Serial Killing,After Death Behavior,
Serial Killing,Sex with the body?,No
Serial Killing,Mutilated body?,Yes
Serial Killing,Ate part of the body?,No
Serial Killing,Drank victim’s blood?,No
Serial Killing,Posed the body?,No
Serial Killing,Took totem – body part,No
Serial Killing,Took totem – personal item,No
Serial Killing,Robbed victim or location,No
Serial Killing,Disposal of Body,
Serial Killing,"Left at scene, no attempt to hide",Yes typically in the woods
Serial Killing,"Left at scene, hidden",No
Serial Killing,"Left at scene, buried",No
Serial Killing,"Moved, no attempt to hide",No
Serial Killing,"Moved, buried",No
Serial Killing,Cut-op and disposed of,No
Serial Killing,"Moved, too home",No
Serial Killing,Sentencing,
Serial Killing,Date killer arrested,"1949,1960,1964 and 1974"
Serial Killing,Date convicted,"1950, 1960,1975,1976"
Serial Killing,Sentence,Life
Serial Killing,Killer executed?,No
Serial Killing,Name and state of prison,
Serial Killing,Killer committed suicide?,?
Serial Killing,Killer killed in prison?,?
Serial Killing,Date of death,?