date,age,life_event
09/11/1942,0,"Born in Duanesburg, NY to Alton and Ruth Roe Feelings of mistreatment by parents; spent most of childhood alone; claimed parents"
1948-1965,6-23,would lock her in her room at times for up to a day; said her father used to hit her with a flyswatter; her aunt used to tell her that she was an unplanned and unwanted child
1963,20-21,Marybeth met Joe Tinning on a blind date Spring 22 Marybeth and Joe Tinning marry 1965
05/31/1967,24,"Barbara, Marybeth’s first child, is born"
01/10/1970,27,"Joseph, Marybeth’s second child, is born"
10/1971,29,"Marybeth’s father, Alton Roe, dies of a sudden heart attack at the age of 54"
12/26/1971,29,"Jennifer, Marybeth’s third child, is born Jennifer dies, only 8 days old, from hemorrhagic meningitis and multiple brain"
01/03/1972,29,abscesses from birth Joseph dies after being rushed to the hospital; death attributed to cardiopulmonary
01/20/1972,29,arrest
03/01/1972,29,"Marybeth rushes Barbara to the hospital, claiming she had gone into convulsions Barbara dies, after being in a comatose state for several hours; death attributed to"
03/02/1972,29,"Reye’s Syndrome Summer 29 Marybeth begins work at Flavorland as a waitress 1972 Marybeth calls the Schenectady Department of Social Services, expressing her interest"
07/03/1972,29,in becoming a foster parent
Fall 1972,29-30,"Tinning family took in a foster child, Robert, until January 1973 Tinning family took in a foster child, Linda, but she was soon sent back to Social"
Early 1973,30,Services when Marybeth became pregnant with Timothy
11/21/1973,31,"Timothy, Marybeth’s fourth child, is born"
12/10/1973,31,"Marybeth takes Timothy to the emergency room, but he is already dead; death attributed to Sudden Infant Death Syndrome Spring 31 Marybeth and Joe argued over money on numerous occasions 1974 Marybeth poisons her husband with a lethal dose of phenobarbital, but he was [Dates not convinced that it was an attempted suicide on his own part; Marybeth admits to 31 listed] stealing money from Carol, her sister-in-law; Marybeth agrees to see a psychiatrist, but escapes from the hospital without her husband, husband’s brother, or Carol knowing Marybeth reports to the police that her home had been burglarized, although it was"
05/01/1974,31,"later concluded that Marybeth most likely staged the robbery herself Prior to Marybeth admitted to a coworker that she was pregnant again, told her not to tell Nathan’s 31-32 anyone, and told the coworker that “God had told her to kill this one, too” birth"
03/30/1975,32,"Nathan, Marybeth’s fifth child, is born"
09/02/1975,32,Nathan dies in the car while out with Marybeth
08/03/1978,35,"Marybeth adopts her sixth child, Michael, shortly after he is born"
10/29/1978,36,"Mary Frances, Marybeth’s seventh child, is born Marybeth rushes Mary Frances to the hospital, unconscious; Mary Frances is revived,"
01/20/1979,36,hospital reports “aborted SIDS” Marybeth returns to the hospital with Mary Frances in full cardiac arrest; she is
02/20/1979,36,"revived, but has irreversible brain damage"
02/22/1979,36,"Mary Frances dies, after Marybeth finally agrees to take her off of life support"
11/19/1979,37,"Jonathan, Marybeth’s eighth child, is born"
03/24/1980,37,"Jonathan dies, after being kept on life support in Albany, NY for four weeks Michael’s behavior and demeanor are back to normal. The previous week, Michael"
03/01/1981,38,"had fallen down the stairs and hit his head, Marybeth took him to the hospital"
03/02/1981,38,"Marybeth takes Michael to the doctor’s office when he won’t wake up, he dies Marybeth and Joe move in with Joe’s parents in Duanesburg for 11 months; Marybeth [Dates not 40 does a variety of jobs, participates in church life, and volunteers as an ambulance listed] driver Marybeth and Joe Tinning buy a trailer in Duanesburg, NY, but it soon catches fire Early 1982 40? and is destroyed; suspicions pointed to Marybeth as the culprit 40- 1983 Marybeth and Joe Tinning move back to Schenectady 41? Summer Marybeth stops volunteering at the ambulance corps after a first aid box was found 41 1984 near her home, with stolen contents from the Duansburg ambulance corps inside"
09/1984,41-42,Marybeth begins driving a school bus for Dubb Transportation until June 1985
08/22/1985,42,"Tami Lynne, Marybeth’s ninth child, is born"
12/20/1985,43,"Tami Lynne dies from being smothered The Tinning family is visited by Betsy Mannix, of Schenectady County’s Department"
12/20/1985,43,"of Social services, and Bob Imfeld, of the Schenectady Police Department, regarding the death of Tami Lynne Reverend Roger Daly visits the Tinning residence and agrees to conduct Tami Lynne’s"
12/21/1985,43,funeral
12/23/1985,43,Tami Lynne’s funeral is held Marybeth Tinning meets with Betsy Mannix again; appears overly concerned with
12/26/1985,43,"Betsy’s perception of her during their previous meeting The NY state police’s Bureau of Criminal Investigation, essentially the first unit of"
01/02/1986,43,"forensic science and investigation in the state, was contacted to aid in the investigation of Tami Lynne Tinning’s death Marybeth and Joe Tinning were separately taken to the Schenectady police department for questioning regarding the death of Tami Lynne; it was here that she confessed to"
02/04/1986,43,"the murders of Tami Lynne, Timothy, and Nathan; Marybeth was arrested and charged with the murder of her daughter, Tami Lynne Tinning Marybeth Tinning makes her $100,000 bail and is released from custody until her trial"
03/15/1986,43,"date After a six-week long trial, the jury returned with a verdict of guilty of murder in the"
07/16/1987,44,"second degree [Date not 11 weeks after her trial, Marybeth is sentenced to 20 years to life in prison at Bedford 44-45 listed] Hills prison for women"
12/29/1988,46,Marybeth’s appeal was denied by the NY State Supreme Court’s Appellate Division
03/2007,65,Marybeth was denied parole
01/2009,67,Marybeth was denied parole
01/2011,69,Marybeth was denied parole
01/2013,71,Marybeth is up for parole again
