section,field,value
General Information,name,Randy Roth Serial killer information researched and summarized by
General Information,Sex,Male
General Information,Race,White
General Information,Number of victims,2
General Information,Country where killing occurred,United States
General Information,States where killing occurred,Washington
General Information,Type of killer,Blue Beard
General Information,Height,5’8’’
Childhood Information,Date of birth,"December 26th, 1954"
Childhood Information,Location,"Bismarck, North Dakota"
Childhood Information,Birth order,1st of 5
Childhood Information,Number of siblings,4
Childhood Information,XYY?,"Unknown Raised by Both parents until the age of 16, then raised by mother"
Childhood Information,Birth category,Oldest
Childhood Information,Parent’s marital status,Divorced
Childhood Information,Family event,Parents Divorced
Childhood Information,Age of family event,16
Childhood Information,Problems in school?,"Became a juvenile delinquent-became increasingly incorrigible, resorting to vandalism of mailboxes and stop signs, hotwiring cars, committing petty thefts, unfunny pranks like squirting unsuspected people with stolen fire extinguishers filled with paint, and similar anti-social acts that served as an outlet for his aggressions and frustrations from his family life."
Childhood Information,Teased while in school?,Yes
Childhood Information,Physically attractive?,Yes
Childhood Information,Physical defect?,No
Childhood Information,Speech defect?,No
Childhood Information,Head injury?,Said to have been in Japanese fight & fractured his cheekbone by a pipe
Childhood Information,Physically abused?,Possibly by father at young age
Childhood Information,Psychologically abused?,Unknown
Childhood Information,Sexually abused?,Unknown
Childhood Information,Father’s occupation,Plumber Age of first sexual experience N/A
Childhood Information,Age when first had intercourse,N/A
Childhood Information,Mother’s occupation,Unknown
Childhood Information,Father abused drugs/alcohol,Unknown
Childhood Information,Mother abused drugs/alcohol,Unknown
Cognitive Ability,Highest grade in school,Completed high school (Meadowdale High School)
Cognitive Ability,Highest degree,High school diploma
Cognitive Ability,Grades in school,GPA accumulated average 2.583
Cognitive Ability,IQ,N/A
Work History,Served in the military?,Yes
Work History,Branch,Marines (Vietnam Veteran)
Work History,Type of discharge,Hardship
Work History,Saw combat duty,Claimed he did
Work History,Killed enemy during service?,"No, but told people that he did"
Work History,Applied for job as a cop?,No
Work History,Worked in law enforcement?,"Police, prison guard, security guard, dispatcher?"
Work History,Fired from jobs?,"Yes, multiple times"
Work History,Types of jobs worked,"o High school-gas station pump jockey, helper at a market, nursery, etc… o Marines-clerk & typist o Welder, truck mechanic @ Vitamilk, truck driver, mechanic for Seattle’s Metro o Fiberglass factory-lamination department & mold- making department"
Work History,Employment status during series,Employed @ car dealership as a salesman
Relationships,Sexual preference,Heterosexual
Relationships,Marital status,"Single, married (4x), divorced (2x), remarried (3x), and currently widowed (for 2nd time)"
Relationships,Number of children,1 son (Greg) & several step children from wives’ previous marriages
Relationships,Lives with his children,Son (Greg) & 2 step sons (Tyson & Rylie)
Relationships,Living with,Spouses & now Self
Triad,Animal torture,Unknown
Triad,Fire setting,Assumed to have started truck fire @ plant & possibly torched Jan’s Pinto to collect insurance
Triad,Bed wetting,Unknown
Killer Psychological Information,Abused drugs?,No
Killer Psychological Information,Abused alcohol?,No Been to a psychologist? No Time in forensic hospital? No
Killer Psychological Information,Diagnosis,N/A Killer Criminal History
Killer Psychological Information,Committed previous crimes?,"Yes; suspected of armed robbery @ tire store in Lynnwood & burglarizing Kirkbride’s home Spend time in jail? Yes, only for 1 week Spend time in prison? No"
Killer Psychological Information,Killed prior to series? Age?,"Yes, suspected to have murdered 2nd wife (Donna) but never convicted at age 26"
Serial Killing,Number of victims,2
Serial Killing,Victim type,Family (Wives)
Serial Killing,Killer age at start of series,26
Serial Killing,Gender of victims,Female
Serial Killing,Race of victims,Caucasian
Serial Killing,Age of victims,"2nd wife, Janis-29 & 4th wife Cynthia"
Serial Killing,Method of killing,“Accidental” deaths
Serial Killing,Type of serial killer,Blue Beard
Serial Killing,How close did killer live?,Drove to crime
Serial Killing,Killing occurred in home of victim?,No
Serial Killing,Killing occurred in home of killer?,No
Serial Killing,Weapon,No weapon
Behavior During Crimes,Rape?,No
Behavior During Crimes,Tortured victims?,No
Behavior During Crimes,Stalked victims?,No
Behavior During Crimes,Overkill?,No
Behavior During Crimes,Quick & efficient?,Yes
Behavior During Crimes,Used blindfold?,No
Behavior During Crimes,Bound the victims?,No
After Death Behavior,Sex with the body?,No
After Death Behavior,Mutilated body?,No
After Death Behavior,Ate part of the body?,No
After Death Behavior,Drank victim’s blood?,No
After Death Behavior,Posed the body?,No
After Death Behavior,Took totem – body part,No
After Death Behavior,Took totem – personal item,No
After Death Behavior,Robbed victim or location,No
Disposal of Body,"Left at scene, no attempt to hide","Yes, 2nd wife-left body at scene @ Beacon Rock"
Disposal of Body,"Left at scene, hidden",No
Disposal of Body,"Left at scene, buried",No
Disposal of Body,"Moved, no attempt to hide","Yes, 4th wife-brought body back on shore @ Lake Sammamish"
Disposal of Body,"Moved, buried",No
Disposal of Body,Cut-op and disposed of,"No Moved, too home No"
Sentencing,Date killer arrested,"October 9th, 1991"
Sentencing,Date convicted,"April 22nd, 1992"
Sentencing,Sentence,"o 1 year in prison for all lesser theft charges o count 1 (cid:198) 55 years (even with time off for good behavior, spend 37 years in prison)"
Sentencing,Killer executed?,No
Sentencing,Did killer plead NGRI?,No
Sentencing,Was the NGRI plea successful?,N/A
Sentencing,Name and state of prison,Washington State Penitentiary
Sentencing,Killer committed suicide?,No
Sentencing,Killer killed in prison?,No
Sentencing,Date of death,---
